month,electricity_mwh,temperature_c,occupancy_rate,mom_growth,yoy_growth,ma12
2025-01-01,1850.0,3.2,0.85,,,
2025-02-01,1500.0,6.1,0.55,-0.18918918918918914,,
2025-03-01,1650.0,11.4,0.95,0.10000000000000009,,
2025-04-01,1550.0,17.2,0.97,-0.06060606060606055,,
2025-05-01,1700.0,22.3,0.98,0.09677419354838701,,
2025-06-01,1950.0,26.1,0.95,0.1470588235294117,,1700.0
2025-07-01,1999.1803278688524,30.2,0.45,0.02522068095838592,,1742.7400468384076
2025-08-01,2050.0,29.4,0.5,0.025420254202542125,,1781.1475409836066
2025-09-01,1750.0,25.1,0.98,-0.14634146341463417,,1777.6867030965393
2025-10-01,1500.0,19.3,0.98,-0.1428571428571429,,1749.9180327868853
2025-11-01,1600.0,12.2,0.97,0.06666666666666665,,1736.2891207153502
2025-12-01,1900.0,6.4,0.9,0.1875,,1749.9316939890712
2026-01-01,1920.0,3.5,0.85,0.010526315789473717,0.037837837837837895,1755.7650273224044
2026-02-01,1560.0,6.3,0.55,-0.1875,0.040000000000000036,1760.7650273224044
2026-03-01,1578.9830508474577,11.8,0.95,0.012168622338113888,-0.043040575243965096,1754.846948226359
2026-04-01,1600.0,17.6,0.97,0.013310433662516052,0.032258064516129004,1759.0136148930258
2026-05-01,1760.0,22.8,0.98,0.10000000000000009,0.03529411764705892,1764.0136148930258
2026-06-01,2030.0,26.5,0.95,0.15340909090909083,0.0410256410256411,1770.6802815596923
2026-07-01,2300.0,30.6,0.45,0.13300492610837433,0.1504715047150471,1795.7485875706213
2026-08-01,2140.0,29.8,0.5,-0.06956521739130439,0.04390243902439028,1803.2485875706213
2026-09-01,1820.0,25.4,0.98,-0.14953271028037385,0.040000000000000036,1809.0819209039546
2026-10-01,1560.0,19.6,0.98,-0.1428571428571429,0.040000000000000036,1814.0819209039546
2026-11-01,1660.0,12.5,0.97,0.0641025641025641,0.03750000000000009,1819.0819209039546
2026-12-01,1980.0,6.6,0.9,0.19277108433734935,0.042105263157894646,1825.7485875706213
