month,electricity_mwh,temperature_c,occupancy_rate
2025-01,1850,3.2,0.85
2025-02,1500,6.1,0.55
2025-03,1650,11.4,0.95
2025-04,1550,17.2,0.97
2025-05,1700,22.3,0.98
2025-06,1950,26.1,0.95
2025-07,,30.2,0.45
2025-08,2050,29.4,0.50
2025-09,1750,25.1,0.98
2025-10,1500,19.3,0.98
2025-11,1600,12.2,0.97
2025-12,1900,6.4,0.90
2026-01,1920,3.5,0.85
2026-02,1560,6.3,0.55
2026-03,,11.8,0.95
2026-04,1600,17.6,0.97
2026-05,1760,22.8,0.98
2026-06,2030,26.5,0.95
2026-07,2300,30.6,0.45
2026-08,2140,29.8,0.50
2026-09,1820,25.4,0.98
2026-10,1560,19.6,0.98
2026-11,1660,12.5,0.97
2026-12,1980,6.6,0.90
